document_id,source_path,title,artifact_family,file_type,sha256,size_bytes,generated_at,summary
SEC-EVID-0001,docs/cloud/adr-001-cloud-admin-access-pattern.md,ADR-001: Cloud Administrative Access Pattern Standard,architecture_decision,md,2260496055041a00d941557efae9d947833a785b79a772f09a28580defd4bfdc,6035,2026-07-17T22:53:15.980399+00:00,"# ADR-001: Cloud Administrative Access Pattern Standard Date: `2026-07-14` Status: **Proposed** ## Context Cloud administrative access can be implemented through several patterns, including direct public SSH/RDP, bastion hosts, VPN or private connectivity, identity-aware session management, and privileged access workflows. These patterns are not interchangeable. Each changes the risk profile, operational burden, logging quality, and evidence available for review. The control objective is not to..."
SEC-EVID-0002,docs/cloud/aws_admin_access_evidence_package.md,AWS Cloud Administrative Access Evidence Package,cloud_admin_access,md,f12ed2342ae1b4cb11fba38f923a900caf04e026f724f3f268ff7e98648c79f2,3119,2026-07-17T22:53:15.980399+00:00,"# AWS Cloud Administrative Access Evidence Package Date: `2026-07-17` Package Status: **PASS** ## Purpose This package summarizes evidence related to AWS administrative access exposure and evidence-collector readiness. It ties together the architecture decision record, evidence playbook, permission preflight, and live security-group exposure collection. ## Control Objective Administrative access should be authorized, minimized, segmented, monitored, attributable, time-appropriate, and reviewable..."
SEC-EVID-0003,docs/cloud/aws_evidence_collector_permission_playbook.md,AWS Evidence Collector Permission Playbook,authorization_evidence,md,6b3e1ce223980e2e9f1d10e76bdbe1111c4f2d877894e35807c8fcf1ab36e898,1616,2026-07-17T22:53:15.980399+00:00,# AWS Evidence Collector Permission Playbook Date: `2026-07-17` ## Purpose This playbook defines the read-only permissions needed by the AWS evidence collectors in this project. It exists so evidence collection failures can be interpreted as authorization findings instead of generic script failures. ## Active Identity Context | Field | Value | |---|---| | Identity status | `AUTHENTICATED` | | Account | `account_dee1259834` | | ARN | `arn_f200e52a7a` | | User ID | `user_ef0bd59078` | | Region | `...
SEC-EVID-0004,docs/cloud/aws_evidence_source_map.md,AWS Evidence Source Map,general_security_artifact,md,6080137e9d757a2d149e73f217a3810eb5ee833d859e6d5013be8ffb7a78fb28,2185,2026-07-17T22:53:15.980399+00:00,"# AWS Evidence Source Map ## Purpose This document defines the AWS evidence sources that will eventually feed the secure automation governance workflow. The goal is to connect cloud implementation work to evidence, controls, risks, and trust architecture. ## Portfolio Thesis Secure automation requires evidence. Automated security requires repeatable evidence collection. This project will use AWS as the first cloud implementation environment, then compare equivalent control patterns across Azure,..."
SEC-EVID-0005,docs/cloud/cloud_admin_access_decision_guide.md,Cloud Administrative Access Pattern Decision Guide,cloud_admin_access,md,9aba1ca598f7181caf688af366884816c0c100afbc18185bd9b7f5f7949e4fad,10050,2026-07-17T22:53:15.980399+00:00,"# Cloud Administrative Access Pattern Decision Guide Generated: `2026-07-14T19:25:54.729123+00:00` ## Purpose This guide turns cloud administrative access patterns into architecture decision logic. The goal is to choose and defend an access pattern based on risk, evidence, operational burden, and governance maturity. ## Core Control Objective The objective is not to deploy a specific named service. The objective is to ensure administrative access is authorized, minimized, segmented, monitored, t..."
SEC-EVID-0006,docs/cloud/cloud_admin_access_evidence_playbook.md,Cloud Administrative Access Evidence Playbook,cloud_admin_access,md,eb2f2d9b548bab099a9bb8881bb954f8a46af0d5d40cce67af51712d39629d18,7094,2026-07-17T22:53:15.980399+00:00,"# Cloud Administrative Access Evidence Playbook Date: `2026-07-16` ## Purpose This playbook turns the cloud administrative access ADR into evidence requirements and exception-management practices. The goal is to make the access decision auditable: who can administer workloads, how they connect, what risks remain, and what evidence proves the access path is controlled. ## Core Evidence Questions For any cloud administrative access pattern, answer these questions: 1. Who is authorized to administe..."
SEC-EVID-0007,docs/cloud/cloud_admin_access_field_cards.md,Cloud Administrative Access Pattern Field Cards,cloud_admin_access,md,1036ea5e6a0708255b993209e1ce3b1235e4f2222b3442e3614232bb6a739ca6,7268,2026-07-17T22:53:15.980399+00:00,"# Cloud Administrative Access Pattern Field Cards Generated: `2026-06-26T15:32:33.548567+00:00` ## Purpose These field cards convert cloud administrative access patterns into portable study notes. The goal is pattern fluency: understand what each pattern replaces, why it exists, what risk it reduces, what risk it introduces, and what evidence proves it is working. ## Study Rule For each pattern, be able to explain it using this sentence: > This pattern is the cloud version of _____. It reduces _..."
SEC-EVID-0008,docs/cloud/study_scenarios_with_key.md,Study Scenarios With Key,general_security_artifact,md,33bebc543857ba31737798244fefce1b64ca689b86c7b14462779d0eb3cf5612,10137,2026-07-17T22:53:15.980399+00:00,"Scenario Bank 1. Temporary lab VM A developer needs SSH access to a disposable EC2 instance for a two-hour troubleshooting session. The instance contains no production data and will be destroyed today. Decide whether direct public SSH is acceptable, and under what conditions. 2. Production database subnet A production database server sits in a private subnet. An administrator wants to RDP directly to it from home because “it’s faster.” Choose the access pattern and explain why direct access is a..."
SEC-EVID-0009,evidence/evidence_index.md,Evidence Index,evidence_index,md,9fcb9dbccb64f08d15bf79437b25a93db081dea3b94fd2c9d0b6a5e9bf0d19c4,2474,2026-07-17T22:53:15.980399+00:00,"# Evidence Index Generated: `2026-07-17T22:23:29.403076+00:00` ## Purpose This index lists generated evidence artifacts created by the cloud-data-pipeline project. The purpose is to make validation, audit, and control-support evidence easy to locate. ## Generated Evidence | Evidence File | Location | |---|---| | Adr 001 Cloud Admin Access Report | `evidence\generated\adr_001_cloud_admin_access_report.md` | | Artifact Hash Report | `evidence\generated\artifact_hash_report.md` | | Artifact Manifes..."
SEC-EVID-0010,evidence/generated/adr_001_cloud_admin_access_report.md,ADR-001 Cloud Admin Access Generation Report,architecture_decision,md,7c56527233cdc2b0d4e8b00e822b37438854571f9ade8392c0031644d33171a4,929,2026-07-17T22:53:15.980399+00:00,# ADR-001 Cloud Admin Access Generation Report Generated: `2026-07-14T21:13:52.496910+00:00` Overall Status: **PASS** ## Generated Artifact - `docs/cloud/adr-001-cloud-admin-access-pattern.md` ## Related Artifact Status - Present: `6` - Missing: `0` - Empty: `0` | Artifact | Status | |---|---| | `security/cloud_admin_access_patterns.csv` | Present | | `security/cloud_admin_access_decision_rubric.csv` | Present | | `docs/cloud/cloud_admin_access_field_cards.md` | Present | | `docs/cloud/cloud_adm...
SEC-EVID-0011,evidence/generated/artifact_hash_report.md,Artifact Hash Report,evidence_report,md,6f5537f67dacb6202bbd4928cce516e210ec49a1eda8a582762dbbac7721ecdc,2299,2026-07-17T22:53:15.980399+00:00,"# Artifact Hash Report Generated: `2026-06-18T15:58:00.627788+00:00` ## Purpose This report records SHA-256 hashes for important project artifacts. Hashes support artifact integrity, provenance, and tamper-evidence patterns. ## Summary - Present artifacts: 16 - Missing artifacts: 0 - Hash CSV: `provenance\artifact_hashes.csv` ## Artifact Hashes | Group | Artifact | Status | Size Bytes | SHA-256 | |---|---|---|---:|---| | Sample Data | `data/sample_api_response.json` | Present | 362 | `106058f710..."
SEC-EVID-0012,evidence/generated/artifact_manifest.md,Artifact Manifest,evidence_index,md,ddf9a46efe3fe5a4d1fc48fc2c4fe84fc4a69891c13be7efd8f430020d6364fb,2195,2026-07-17T22:53:15.980399+00:00,"# Artifact Manifest Generated: `2026-06-18T15:58:00.392099+00:00` ## Purpose This manifest lists important project artifacts and confirms whether they exist. It supports portfolio review, audit readiness, evidence organization, and future provenance tracking. ## Artifact Inventory | Group | Artifact | Status | Size Bytes | Purpose | |---|---|---|---:|---| | Sample Data | `data/sample_api_response.json` | Present | 362 | Demo-safe raw API-style input data | | Sample Data | `data/sample_processed_..."
SEC-EVID-0013,evidence/generated/aws_account_context_report.md,AWS Account Context Evidence Report,evidence_report,md,8f6f5382fed4a607d48da7277580696c3cee8807cd69ac2b91b9806bdf5023e5,1182,2026-07-17T22:53:15.980399+00:00,"# AWS Account Context Evidence Report Generated: `2026-06-22T21:24:04.757330+00:00` Overall Status: **PASS** ## Purpose This report collects basic AWS CLI and account-context evidence without creating, modifying, or deleting cloud resources. Sensitive account details are intentionally minimized for safer portfolio use. ## AWS Context Summary | Check | Result | |---|---| | AWS CLI found | Yes | | AWS CLI version | `aws-cli/2.34.55 Python/3.14.5 Windows/11 exe/AMD64` | | STS caller identity check..."
SEC-EVID-0014,evidence/generated/aws_admin_access_evidence_workflow_report.md,AWS Admin Access Evidence Workflow Report,cloud_admin_access,md,97450558e7ff3303a88167394c4035737ce1b47cb9926fb58b1bc31b0ccf3050,1254,2026-07-17T22:53:15.980399+00:00,"# AWS Admin Access Evidence Workflow Report Generated: `2026-07-17T17:08:36.835466+00:00` Overall Status: **PASS** ## Purpose This report records execution of the AWS cloud administrative access evidence workflow. The workflow runs permission preflight first, then runs the admin-port exposure collector only if the required EC2 read permission is authorized. ## Workflow Steps | Step | Script | Status | Return Code | |---|---|---|---| | Permission preflight | `src/check_aws_evidence_collector_perm..."
SEC-EVID-0015,evidence/generated/aws_admin_port_exposure_report.md,AWS Admin Port Exposure Evidence Report,cloud_admin_access,md,a1c2422a24213dcd6d48ff1c90c4e7a048f94199eeb33e793f70ae1e538ba74b,1871,2026-07-17T22:53:15.980399+00:00,"# AWS Admin Port Exposure Evidence Report Generated: `2026-07-17T17:08:36.800221+00:00` Overall Status: **PASS** ## Purpose This report collects read-only AWS security group evidence for administrative port exposure. It supports the cloud administrative access ADR by identifying whether SSH, RDP, or WinRM ports are exposed and what source category can reach them. ## Collection Summary | Field | Value | |---|---| | AWS region | `us-east-1` | | Security groups evaluated | `1` | | Findings | `0` |..."
SEC-EVID-0016,evidence/generated/aws_authorization_evidence_report.md,AWS Authorization Evidence Report,evidence_report,md,f9c7b5991ed1fd4d17b9fd474141c6bd23ed85eb935322a1d4032dfebd40e355,2116,2026-07-17T22:53:15.980399+00:00,# AWS Authorization Evidence Report Generated: `2026-06-26T01:54:06.320105+00:00` Overall Status: **AUTHORIZATION_LIMIT_DETECTED** ## Purpose This report interprets AWS authorization results from cloud evidence collection. It treats permission limits as useful cloud security evidence instead of simple script failure. ## Authorization Finding | Field | Value | |---|---| | Condition detected | AWS policy blocked account-wide S3 bucket listing. | | AWS action | `s3:ListAllMyBuckets` | | Interpretat...
SEC-EVID-0017,evidence/generated/aws_evidence_collector_permission_preflight_report.md,AWS Evidence Collector Permission Preflight Report,authorization_evidence,md,e7db7218d0aa28ebe3b1762fdfc411f6ed12f6c146efa06d51850561b657ce6e,1595,2026-07-17T22:53:15.980399+00:00,# AWS Evidence Collector Permission Preflight Report Generated: `2026-07-17T17:08:34.901983+00:00` Overall Status: **PASS** ## Purpose This report checks whether the active AWS principal can run the read-only commands required by the project's AWS evidence collectors. ## Summary | Field | Value | |---|---| | Identity status | `AUTHENTICATED` | | Region | `us-east-1` | | Authorized checks | `3` | | Not authorized checks | `0` | | Review checks | `0` | | Skipped checks | `0` | ## Permission Result...
SEC-EVID-0018,evidence/generated/aws_s3_inventory_report.md,AWS S3 Inventory Evidence Report,evidence_report,md,5487f7b3485e6165d8ad81f331b919158fe0fb0337cee4a6e19bb6e297b2e026,1365,2026-07-17T22:53:15.980399+00:00,"# AWS S3 Inventory Evidence Report Generated: `2026-06-25T23:50:55.397258+00:00` Overall Status: **REVIEW** ## Purpose This report collects basic AWS S3 inventory evidence without creating, modifying, or deleting cloud resources. Bucket names are masked for safer portfolio use. ## Summary | Check | Result | |---|---| | AWS CLI found | Yes | | S3 inventory check | Failed | | Bucket count | 0 | ## Bucket Inventory No buckets were listed, or the S3 inventory check did not complete successfully. ##..."
SEC-EVID-0019,evidence/generated/cloud_access_flashcard_generation_report.md,Cloud Access Flashcard Generation Report,cloud_admin_access,md,737ea0994eabe7277fdd1008a0ad3b32afca24140879fbf3d76dd0c3b6a568d0,479,2026-07-17T22:53:15.980399+00:00,"# Cloud Access Flashcard Generation Report Generated: `2026-07-14T20:18:23.970944+00:00` Overall Status: **PASS** ## Generated Artifacts - `study/cloud_admin_access_quizlet.tsv` - `study/cloud_admin_access_flashcards.csv` ## Summary - Cards generated: `18` - Categories: `defense, recognition, scenario` - Difficulties: `easy, hard, medium` ## Usage Use the TSV file for Quizlet import or copy/paste. Use the CSV file as the richer master study bank."
SEC-EVID-0020,evidence/generated/cloud_admin_access_decision_guide_report.md,Cloud Access Pattern Decision Guide Generation Report,cloud_admin_access,md,e6fcb969d346af2f940ea0d734b9ef6a69b8fd135518889be00edf9a2dae5ea0,903,2026-07-17T22:53:15.980399+00:00,# Cloud Access Pattern Decision Guide Generation Report Generated: `2026-07-14T19:25:54.730086+00:00` Overall Status: **PASS** ## Purpose This report records generation of the cloud administrative access pattern decision guide and rubric. ## Source Artifact - `security/cloud_admin_access_patterns.csv` ## Generated Artifacts - `security/cloud_admin_access_decision_rubric.csv` - `docs/cloud/cloud_admin_access_decision_guide.md` ## Validation - Source patterns read: `5` - Required source columns pr...
SEC-EVID-0021,evidence/generated/cloud_admin_access_evidence_kit_report.md,Cloud Admin Access Evidence Kit Generation Report,cloud_admin_access,md,b1083fefcc82ef0f4c61534a7b3f4c45f7376784cbd8933c8435fa022a537e28,1105,2026-07-17T22:53:15.980399+00:00,# Cloud Admin Access Evidence Kit Generation Report Generated: `2026-07-16T05:47:33.096348+00:00` Overall Status: **PASS** ## Generated Artifacts - `security/cloud_admin_access_evidence_requirements.csv` - `security/cloud_admin_access_exception_register.csv` - `docs/cloud/cloud_admin_access_evidence_playbook.md` ## Summary - Evidence requirements generated: `7` - Example exception rows generated: `2` - Reference artifacts present: `4` of `4` ## Reference Artifact Status | Artifact | Status | |--...
SEC-EVID-0022,evidence/generated/cloud_admin_access_pattern_report.md,Cloud Administrative Access Pattern Report,cloud_admin_access,md,f8d0b7df27a7ccd38bb2850809354a00eff185944874c6b1f6de9d8d1892d96c,5212,2026-07-17T22:53:15.980399+00:00,"# Cloud Administrative Access Pattern Report Generated: `2026-06-26T14:43:12.377910+00:00` ## Purpose This report compares common administrative access patterns across cloud environments. The goal is to translate familiar on-prem systems engineering concepts into cloud architecture, risk, and evidence terms. ## Executive Summary Administrative access is not a single control. It is a pattern made from identity, network exposure, session control, logging, and evidence retention. A bastion host is..."
SEC-EVID-0023,evidence/generated/cloud_pattern_field_card_report.md,Cloud Pattern Field Card Generation Report,evidence_report,md,e7bf2113e0d47bd40f24dc35445e70cea3e53c6451c54c5358b5ec087c7f6e1f,721,2026-07-17T22:53:15.980399+00:00,# Cloud Pattern Field Card Generation Report Generated: `2026-06-26T15:32:33.549359+00:00` Overall Status: **PASS** ## Purpose This report records generation of portable cloud administrative access pattern field cards. ## Source Artifact - `security/cloud_admin_access_patterns.csv` ## Generated Artifact - `docs/cloud/cloud_admin_access_field_cards.md` ## Summary - Pattern cards generated: `5` ## Portfolio Relevance This artifact supports cloud architecture fluency by converting an evidence matri...
SEC-EVID-0024,evidence/generated/governance_workflow_run_report.md,Governance Workflow Run Report,workflow_evidence,md,f43b8d5a36c5ca9b3e22201e34d10564815bf3b939685c6783106f4587ec9bee,1975,2026-07-17T22:53:15.980399+00:00,# Governance Workflow Run Report Generated: `2026-06-18T15:58:00.701640+00:00` Overall Status: **PASS** ## Workflow Steps | Step | Script | Status | |---|---|---| | Validate sample data and generate evidence report | `src/validate_sample_data.py` | PASS | | Generate control matrix | `src/generate_control_matrix.py` | PASS | | Generate risk register | `src/generate_risk_register.py` | PASS | | Generate artifact manifest | `src/generate_artifact_manifest.py` | PASS | | Generate artifact hash repor...
SEC-EVID-0025,evidence/generated/sample_data_validation_report.md,Sample Data Validation Report,evidence_report,md,24efa19e35ad4bb3c602e3293b07d248c5b16f2d4853d49952f19808e7944286,508,2026-07-17T22:53:15.980399+00:00,# Sample Data Validation Report Generated: `2026-06-18T15:58:00.169321+00:00` Overall Status: **PASS** ## Validation Results - PASS: JSON sample file is valid - PASS: CSV sample file is valid - PASS: All sample data validation checks passed ## Files Validated - `data\sample_api_response.json` - `data\sample_processed_output.csv` ## Portfolio Relevance This report demonstrates that sample data files are validated before being treated as trustworthy pipeline inputs or outputs.
SEC-EVID-0026,evidence/generated/security_evidence_answer_report.md,Security Evidence Answer Report,evidence_report,md,db9b5589a7c811b01b77be76e23e584b2bb92038d82024bff0becb9f641c48e8,1979,2026-07-17T22:53:15.980399+00:00,# Security Evidence Answer Report Generated: `2026-07-17T22:19:49.957472+00:00` Overall Status: **SOURCE_BACKED_REVIEW_REQUIRED** ## Purpose This report records a constrained answer attempt against the local security evidence corpus. The answer layer may only use retrieved source records from the approved corpus. ## Question how would this corpus differ if I was using Google Cloud? ## Summary | Field | Value | |---|---:| | Corpus records available | `33` | | Source records used | `5` | ## Source...
SEC-EVID-0027,evidence/generated/security_evidence_corpus_report.md,Security Evidence Corpus Report,evidence_report,md,0449bc1e3a72d50a76c29540c18fed23d77b6c026e93d3110beae93451c1e1f0,4382,2026-07-17T22:53:15.980399+00:00,"# Security Evidence Corpus Report Generated: `2026-07-17T17:38:54.836875+00:00` Overall Status: **PASS** ## Purpose This report records creation of a structured security evidence corpus for future AI-assisted evidence review. The corpus organizes existing project artifacts into document records with source paths, titles, artifact families, hashes, summaries, and full text content. ## Generated Artifacts - `ai/security_evidence_corpus.jsonl` - `ai/security_evidence_corpus_manifest.csv` ## Corpus..."
SEC-EVID-0028,evidence/generated/security_evidence_query_report.md,Security Evidence Retrieval Report,evidence_report,md,80ee742e1bfd2442df900668fde0c744543225e2470355272796e6a6d6d33cf3,2102,2026-07-17T22:53:15.980399+00:00,# Security Evidence Retrieval Report Generated: `2026-07-17T21:53:50.872289+00:00` Overall Status: **PASS** ## Purpose This report records bounded retrieval against the local security evidence corpus. The retrieval layer searches only indexed project evidence and returns source-backed results. ## Retrieval Summary | Field | Value | |---|---:| | Corpus records available | `33` | | Queries executed | `1` | | Results returned | `5` | ## Query Results ### Query: `admin port exposure` | Rank | Docume...
SEC-EVID-0029,security/aws_admin_port_exposure_findings.csv,Aws Admin Port Exposure Findings,cloud_admin_access,csv,9846e7fc4775c6918c42648ae0a36d6044cac9be46208e9358fc1ef7ba6c676b,206,2026-07-17T22:53:15.980399+00:00,"region,security_group_id_masked,security_group_name_masked,vpc_id_masked,service,port,protocol,rule_from_port,rule_to_port,source_type,source_classification,source_display,severity,evidence_interpretation"
SEC-EVID-0030,security/aws_evidence_collector_permissions.csv,Aws Evidence Collector Permissions,authorization_evidence,csv,0d7e331c3bf8a503bb956a25846a037883154ab70c6669263db1ca0e7c5b5c68,910,2026-07-17T22:53:15.980399+00:00,"check_id,collector_area,aws_action,status,permission_purpose,command_display,policy_resource,recommended_policy_sid,interpretation AWS-STS-001,Account context evidence,sts:GetCallerIdentity,AUTHORIZED,Identify the active AWS principal without exposing account details.,aws sts get-caller-identity --output json,*,AllowGetCallerIdentity,Command completed successfully. AWS-S3-001,S3 inventory evidence,s3:ListAllMyBuckets,AUTHORIZED,List account-owned S3 buckets for inventory evidence.,aws s3api list..."
SEC-EVID-0031,security/cloud_admin_access_decision_rubric.csv,Cloud Admin Access Decision Rubric,cloud_admin_access,csv,4234ac449fb9282c9e90453c90bf0b4a10305eb14df07ee0176d997c7cd812cd,1350,2026-07-17T22:53:15.980399+00:00,"pattern,exposure_risk_1_low_5_high,standing_privilege_risk_1_low_5_high,logging_strength_1_weak_5_strong,operational_burden_1_low_5_high,governance_strength_1_weak_5_strong,default_decision,executive_read Direct public SSH/RDP,5,4,2,1,1,""Avoid for production; allow only for temporary lab use with time-bound, source-restricted access."",""Fast to set up, weak to defend."" Bastion host / jump box,3,3,3,3,3,""Accept as a transitional pattern when hardened, patched, monitored, and limited to private wor..."
SEC-EVID-0032,security/cloud_admin_access_evidence_requirements.csv,Cloud Admin Access Evidence Requirements,cloud_admin_access,csv,b162914a0f5e6480f6b4f09a505059a00a0b4b32a8742092d51072b511783ce8,4543,2026-07-17T22:53:15.980399+00:00,"control_objective,evidence_question,minimum_evidence,aws_evidence,azure_evidence,gcp_evidence,oci_evidence,risk_if_missing,review_frequency Authorized administrative identities,Who is allowed to administer cloud workloads?,""IAM users/roles/groups, identity provider groups, privileged role assignments, access review records"",""IAM roles, IAM Identity Center assignments, CloudTrail AssumeRole or StartSession events"",""Entra ID groups, Azure RBAC assignments, PIM activations, Activity Logs"",""IAM allo..."
SEC-EVID-0033,security/cloud_admin_access_exception_register.csv,Cloud Admin Access Exception Register,cloud_admin_access,csv,62d008d22a77a9e0ea76a5b9668807e443af779dfdbe843a4533edfeb91e2a1e,975,2026-07-17T22:53:15.980399+00:00,"exception_id,status,workload,access_pattern,business_justification,risk_accepted,compensating_controls,owner,opened_date,expiration_date,review_date,required_evidence,closure_evidence CAE-EX-001,Example,Temporary lab instance,Direct public SSH/RDP,Short-lived troubleshooting or training lab with no production data,Temporary public administrative exposure,Source IP restriction; time-bound rule; named owner; cleanup evidence,Lab owner,YYYY-MM-DD,YYYY-MM-DD,YYYY-MM-DD,""Security group rule, owner, p..."
SEC-EVID-0034,security/cloud_admin_access_patterns.csv,Cloud Admin Access Patterns,cloud_admin_access,csv,487c2ad6f129722e82e4046e0ed61dd2282f26b9b51f741c5a317d57ebf7b484,3972,2026-07-17T22:53:15.980399+00:00,"pattern,on_prem_analogy,cloud_implementation,primary_risk_reduced,risk_introduced,evidence_to_collect,maturity_read,aws_reference,azure_equivalent,gcp_equivalent,oci_equivalent Direct public SSH/RDP,Remote admin directly exposed through a firewall rule,Instances with public IPs and security group ingress for SSH/RDP,Low setup friction,Broad attack surface and high exposure to credential attacks,""Public IP presence, security group ingress on 22/3389, route to internet gateway, CloudTrail access e..."
SEC-EVID-0035,security/control_matrix.csv,Control Matrix,structured_data,csv,4fe1d1ad5e7e7e614a23b2725a946fff587f2f5289796c3aa8d6ed7e5132ff1a,700,2026-07-17T22:53:15.980399+00:00,"control_id,control_name,control_objective,evidence_file,automation_script,risk_addressed,status DC-001,Sample data validation,Confirm sample input and output files exist and contain expected fields before they are used as trusted pipeline artifacts.,evidence/generated/sample_data_validation_report.md,src/validate_sample_data.py,""Pipeline may process missing, malformed, or unexpected data."",Implemented DC-002,Evidence indexing,Maintain an index of generated evidence artifacts so validation output..."
SEC-EVID-0036,security/risk_register.csv,Risk Register,structured_data,csv,9205f2c799ea3b73383d3f03ec1d214b7339e3edeb1911635cb352cf04cd7e40,1073,2026-07-17T22:53:15.980399+00:00,"risk_id,risk_name,risk_statement,impact,likelihood,risk_level,related_control,mitigation,evidence_file,status RISK-001,Invalid sample data processed,""The pipeline may process missing, malformed, or unexpected sample data if validation checks are not performed before use."",Medium,Medium,Medium,DC-001,Validate sample input and output files before treating them as trustworthy pipeline artifacts.,evidence/generated/sample_data_validation_report.md,Mitigated RISK-002,Generated evidence becomes hard t..."
